Epoch,Cycle,Episodes,Timesteps,TimeCost(sec),Pi_q_loss,Pi_l2_loss,Q_loss,Success
0/20,0/20,50,5000,31.12538456916809,,,,0.0
0/20,1/20,100,10000,34.46672964096069,5.451253324747086,0.14909037994220853,4.125340171158314,0.0
