Epoch,Cycle,Episodes,Timesteps,TimeCost(sec),Pi_q_loss,Pi_l2_loss,Q_loss,Success
0/20,0/20,50,5000,27.23065733909607,,,,0.0
0/20,1/20,100,10000,30.013102293014526,6.839058009907603,0.19084823480807245,4.14287443459034,0.0
